{
  "sensitive_class": {
    "type": "binary",
    "cv_auc": 0.9832605409820305,
    "cv_pr_auc": 0.9642160214767671,
    "cv_brier": 0.04611017814858618,
    "cv_ece": 0.04889078176207985,
    "fairness": {
      "group_aucs": {
        "AF": 0.997376311844078,
        "AS": 0.9913056978730012,
        "EU": 0.9888468809073725,
        "OC": 0.9939184746877054,
        "SA": 0.9953295277633627,
        "nan": 0.9902188328912467
      },
      "delta_auc": 0.008529430936705551
    }
  },
  "suppression_event_6w": {
    "type": "binary",
    "cv_auc": 0.9554835345852511,
    "cv_pr_auc": 0.973447979050168,
    "cv_brier": 0.08260005062681969,
    "cv_ece": 0.06776294683882414,
    "fairness": {
      "group_aucs": {
        "AF": 0.9929738562091504,
        "AS": 0.9874686716791979,
        "EU": 0.9812985179957656,
        "OC": 0.994360902255639,
        "SA": 0.9871565113500598,
        "nan": 0.9861533779671333
      },
      "delta_auc": 0.013062384259873383
    }
  },
  "narrative_shift_4w": {
    "type": "binary",
    "cv_auc": 0.959673226795154,
    "cv_pr_auc": 0.8842436045376563,
    "cv_brier": 0.07937349831925572,
    "cv_ece": 0.10928565877220872,
    "fairness": {
      "group_aucs": {
        "AF": 0.9987492182614134,
        "AS": 0.9976190476190476,
        "EU": 1.0,
        "OC": 1.0,
        "SA": 0.9981711034342613,
        "nan": 0.9973063973063974
      },
      "delta_auc": 0.002693602693602637
    }
  },
  "conflict_intensity": {
    "type": "continuous",
    "cv_mse": 0.023427464775630506,
    "cv_r2": 0.6600384699390995,
    "cv_rmse": 0.1530603305093469
  }
}