{
  "sensitive_class": {
    "type": "binary",
    "cv_auc": 0.9649365449956001,
    "cv_pr_auc": 0.9227966388435167,
    "cv_brier": 0.06563079133312039,
    "cv_ece": 0.061207727581602464,
    "fairness": {
      "group_aucs": {
        "AF": 0.9942424242424243,
        "AS": 0.9935185185185185,
        "EU": 0.9925178919973976,
        "OC": 0.9915254237288136,
        "SA": 1.0,
        "nan": 0.9930555555555555
      },
      "delta_auc": 0.008474576271186418
    }
  },
  "suppression_event_6w": {
    "type": "binary",
    "cv_auc": 0.9086330554685631,
    "cv_pr_auc": 0.9495333692917363,
    "cv_brier": 0.11830425674285143,
    "cv_ece": 0.09930652454597322,
    "fairness": {
      "group_aucs": {
        "AF": 0.9640330188679245,
        "AS": 0.983652312599681,
        "EU": 0.9846153846153846,
        "OC": 0.9790558510638298,
        "SA": 0.9974916387959867,
        "nan": 0.9980106100795756
      },
      "delta_auc": 0.033977591211651115
    }
  },
  "narrative_shift_4w": {
    "type": "binary",
    "cv_auc": 0.8555184924084797,
    "cv_pr_auc": 0.6902405085668268,
    "cv_brier": 0.10766905606945762,
    "cv_ece": 0.07790935019319326,
    "fairness": {
      "group_aucs": {
        "AF": 0.9954710144927537,
        "AS": 0.9960526315789474,
        "EU": 0.9764705882352942,
        "OC": 1.0,
        "SA": 0.9990069513406157,
        "nan": 1.0
      },
      "delta_auc": 0.0235294117647058
    }
  },
  "conflict_intensity": {
    "type": "continuous",
    "cv_mse": 0.028642310902566664,
    "cv_r2": 0.6522002320374345,
    "cv_rmse": 0.16924039382655273
  }
}